2,219196,219499,219404,219423
3,219464,219412,219292 
5,219481,219263,219392,219426 
6,219016,219259 
7,219098,219457,219023,219222 
8,219092,219314,219137,219370,219398,219411 
10,219274,219302,219321,219348 
11,219511 
13,219503,219287,219444 
14,219075,219007,219003 
15,219338,219303 
16,219122,219359,219200,219307 
17,219402,219234,219260,219009,219369 
18,219193,219344,219390,219459,219326,219166 
19,219431 
20,219267,219179 
21,219073,219088,219433,219351 
22,219396 
23,219216,219095,219136,219437 
24,219480,219293,219125,219461 
25,219354,219337,219295,219089 
26,219212 
27,219361,219408,219213,219241 
28,
29,219428,219243,219227,219270,219093,219368 
30,219069,219099,219283,219071,219252,219386 
31,219345,219163,219185,219280,219199,219362 
32,219159,219264,219323 
33,219297,219040,219059,219387,219142,219493 
35,219087,219418,219006,219269 
36,219138 
37,219492,219403,219085,219427,219439,219290 
38,219105,219301 
39,219363,219062,219395,219357,219289,219133 
40,219495,219211 
41,219246 
42,219036 
43,219104,219490,219276 
44,219304,219350,219035,219353 
45,219038,219394,219045,219414,219262,219078 
46,219072,219456,219102,219203 
47,219240,219261,219086 
48,219127,219052,219442 
49,219034,219331,219483,219195 
50,219488,219485,219479,219083 
51,219231,219399,219015,219416 
52,219027,219489,219145,219020 
53,219205,219434,219312,219255,219157,219042 
54,219311,219178,219250,219116,219268,219141 
55,219058,219279,219256,219438,219273,219202 
56,219507,219084,219272,219376,219242,219377 
58,219107 
59,219334,219407,219365,219291 
60,219282,219429 
62,219441 
63,219188,219380,219054,219309,219120 
64,219405,219134 
65,219419,219219,219417,219306,219378,219229 
66,219037,219360,219154,219176,219191 
67,219090,219217,219041,219313 
68,219508,219477,219385,219465,219106 
69,219473,219430,219146 
70,219170,219237,219366 
71,219388,219225,219167,219341 
72,219064,219410,219510,219265 
73,219230,219215,219356,219079,219082,219121 
74,219509,219491,219153 
75,219487 
76,219346,219019 
77,219381,219435,219278,219012 
78,219500,219422,219319,219482 
79,219232,219484,219155,219460,219235 
80,219165,219164,219039 
81,219401,219300,219186 
82,219415 
83,219294,219115,219486,219109,219474 
84,219379,219462,219254,219286,219325 
85,219124,219204,219033,219117 
86,219210,219002,219017,219174 
87,219180,219049,219271,219076 
88,219112,219005 
89,219420,219218,219111 
90,219475,219463,219173,219284 
91,219315